"event_id","user_id","role","content","name","timestamp","conversation_id"
"6838","46","assistant","Affrontare un disallineamento tra i tuoi valori personali e quelli aziendali può essere una sfida, ma ci sono modi per gestire la situazione:

- **Rifletti sui Tuoi Valori**: Identifica quali valori sono più importanti per te e in che modo si discostano da quelli aziendali.
- **Parla con il Tuo Responsabile**: Condividi le tue preoccupazioni in modo costruttivo, cercando di capire se ci sono margini per allineare meglio i tuoi valori con quelli aziendali.
- **Consulta le Risorse Umane**: Il team delle risorse umane può offrire supporto e consigli su come navigare il disallineamento dei valori.
- **Cerca Opportunità di Coinvolgimento**: Partecipa a iniziative aziendali che rispecchiano i tuoi valori, contribuendo a influenzare positivamente la cultura aziendale.

Questi passi possono aiutarti a trovare un equilibrio e a sentirti più allineato con l'ambiente di lavoro.","assistant","2025-12-17 14:11:45.144","238"
"6837","46","user","A volte mi sembra che i valori dell’azienda non rispecchino i miei. Come posso affrontare questo disallineamento?","foo.presales@testing.org","2025-12-17 14:11:38.705","238"
"6836","46","assistant","Per richiedere del tempo per una questione personale senza specificare i dettagli, puoi seguire questi passaggi:

- **Contatta il tuo Responsabile**: Invia un'email o richiedi un incontro per discutere della tua necessità di tempo libero. Puoi semplicemente menzionare che si tratta di una questione personale senza entrare nei dettagli.
- **Consulta le Risorse Umane**: Il team delle risorse umane può guidarti nel processo di richiesta di permessi o congedi, rispettando la tua privacy.
- **Verifica le Politiche Aziendali**: Controlla il manuale del dipendente o le politiche aziendali per capire le opzioni disponibili per permessi personali o congedi.

Assicurati di comunicare in modo chiaro e rispettoso, mantenendo la tua privacy.","assistant","2025-12-17 14:11:35.037","238"
"6835","46","user","Avrei bisogno di tempo per una questione personale che non voglio specificare. Come posso farne richiesta nel modo giusto?","foo.presales@testing.org","2025-12-17 14:11:28.245","238"
"6834","46","assistant","Per sviluppare le tue capacità di leadership, Alkemy offre diverse opzioni di formazione che possono essere utili:

- **Talent Management Program**: Questo programma include mentoring e formazione manageriale per sviluppare competenze di leadership [useful link]([internal-link-removed]).
- **Workshop di Design Thinking**: Questi workshop possono aiutarti a sviluppare un approccio innovativo e centrato sull'utente, utile per la leadership [useful link]([internal-link-removed]).

Queste opzioni ti aiuteranno a migliorare le tue capacità di leadership, fornendoti strumenti e strategie per guidare efficacemente i team e promuovere l'innovazione.","assistant","2025-12-17 14:11:19.137","238"
"6833","46","user","Quali corsi mi consigli per sviluppare leadership?","foo.presales@testing.org","2025-12-17 14:11:00.480","238"
"6832","46","assistant","Alkemy offre una vasta gamma di corsi di formazione progettati per rispondere alle esigenze di upskilling e reskilling del personale. Ecco alcuni dei corsi disponibili:

- **Data Training**: Corsi su Data Management, Big Data Analysis, Business Intelligence, Machine Learning e Advanced Analytics [useful link]([internal-link-removed]).
- **Business Intelligence e Data Analytics**: Corsi avanzati per sviluppare competenze in data wrangling, data exploration e tecniche di Machine Learning [useful link]([internal-link-removed]).
- **Academy per Futuri Data Scientist**: Approccio applicato all'uso di SAS e Python per l'ETL e l'Advanced Analytics [useful link]([internal-link-removed]).
- **Workshop di Design Thinking**: Per stimolare la creatività e l'innovazione centrata sull'utente [useful link]([internal-link-removed]).

Questi corsi sono progettati per fornire una comprensione approfondita delle tecniche analitiche e delle loro applicazioni pratiche, con un focus sullo scenario di business e l'applicazione su dataset realistici.","assistant","2025-12-17 14:10:55.027","238"
"6831","46","user","Quali corsi di formazione offre Alkemy?","foo.presales@testing.org","2025-12-17 14:10:45.751","238"
"6830","46","assistant","Alkemy offre diverse opportunità per lo sviluppo professionale e la crescita verso ruoli manageriali. Ecco alcune delle iniziative disponibili:

- **Talent Management Program**: Questo programma si concentra sull'identificazione e lo sviluppo dei migliori talenti, offrendo mentoring e formazione tecnica e manageriale [useful link]([internal-link-removed]).
- **Formazione Continua**: Alkemy offre un ampio catalogo formativo che include corsi per sviluppare competenze manageriali e di leadership [useful link]([internal-link-removed]).

Queste iniziative sono progettate per supportare i dipendenti nella loro crescita professionale e prepararli per ruoli di maggiore responsabilità all'interno dell'azienda.","assistant","2025-12-17 14:10:41.774","238"
"6829","46","user","Alkemy offre percorsi per diventare manager?","foo.presales@testing.org","2025-12-17 14:10:18.633","238"
"6828","46","assistant","Mi dispiace molto per la tua perdita. In situazioni di lutto, molte aziende offrono supporto ai dipendenti, che può includere:

- **Congedo per Lutto**: Verifica con le risorse umane se Alkemy offre un congedo specifico per lutto, che ti permetterebbe di prenderti del tempo per elaborare la tua perdita.
- **Supporto Psicologico**: Alcune aziende offrono accesso a servizi di supporto psicologico o consulenze per aiutarti a gestire il lutto.

Ti consiglio di contattare il team delle risorse umane per discutere delle opzioni disponibili e ricevere il supporto di cui hai bisogno in questo momento difficile.","assistant","2025-12-17 14:10:14.969","238"
"6827","46","user","Sto vivendo un lutto, ho diritto a un supporto o tempo aggiuntivo?","foo.presales@testing.org","2025-12-17 14:10:07.027","238"
"6826","46","assistant","Se ti senti esclusa dal team, è importante affrontare la situazione per migliorare il tuo benessere e l'ambiente di lavoro. Ecco alcune opzioni su chi puoi contattare:

- **Responsabile Diretto**: Parla con il tuo responsabile per esprimere le tue preoccupazioni e cercare soluzioni insieme.
- **Risorse Umane**: Il team delle risorse umane può offrirti supporto e consigli su come gestire la situazione e migliorare l'inclusione.
- **Diversity Officer**: Se la tua azienda ha un Diversity Officer, potrebbe essere una risorsa utile per discutere di inclusione e diversità nel team.

Affrontare questi problemi è importante per creare un ambiente di lavoro più inclusivo e supportivo.","assistant","2025-12-17 14:10:01.964","238"
"6825","46","user","Mi sento esclusa dal team, posso parlarne con qualcuno?","foo.presales@testing.org","2025-12-17 14:09:56.289","238"
"6824","46","assistant","Se ti senti sopraffatto/a dal lavoro, è importante sapere che ci sono risorse e persone a cui puoi rivolgerti per supporto:

- **Responsabile Diretto**: Parla con il tuo responsabile per discutere delle tue preoccupazioni e cercare soluzioni insieme.
- **Risorse Umane**: Il team delle risorse umane è disponibile per supportarti con consigli e risorse per gestire lo stress lavorativo.
- **Programmi di Supporto**: Verifica se Alkemy offre programmi di supporto per il benessere dei dipendenti, come consulenze o workshop sullo stress management.

Prendersi cura del proprio benessere è fondamentale, quindi non esitare a cercare aiuto.","assistant","2025-12-17 14:09:52.775","238"
"6823","46","user","Mi sento sopraffatto/a dal lavoro, a chi posso rivolgermi?","foo.presales@testing.org","2025-12-17 14:09:46.872","238"
"6822","46","assistant","La valutazione delle performance in Alkemy è un processo strutturato che mira a migliorare le performance e pianificare la crescita professionale dei dipendenti. Ecco come funziona:

- **Processo di Valutazione Annuale**: Include autovalutazioni e feedback dai responsabili, mirati a migliorare le performance e pianificare la crescita professionale [useful link]([internal-link-removed]).
- **Focus su Competenza e Allineamento Culturale**: La gestione del capitale umano si fonda su questi principi, con un forte focus su un ambiente di lavoro inclusivo e stimolante [useful link]([internal-link-removed]).

Questi elementi sono progettati per garantire che i dipendenti ricevano un feedback costruttivo e abbiano l'opportunità di crescere all'interno dell'azienda.","assistant","2025-12-17 14:07:18.310","238"
"6821","46","user","Come funziona la valutazione delle performance in Alkemy per i dipendenti come me?","foo.presales@testing.org","2025-12-17 14:06:50.264","238"
"6820","46","assistant","Alkemy offre un ambiente di lavoro inclusivo e stimolante, con un forte focus sulla crescita professionale dei suoi dipendenti. Ecco alcune delle iniziative e programmi disponibili:

- **Total Reward System**: Alkemy adotta un sistema di Total Reward che include benefit come lo smart working, l'assicurazione sanitaria e varie convenzioni [useful link]([internal-link-removed]).
- **Formazione Continua**: L'azienda offre un ampio catalogo formativo e un Training Wallet di 500 euro per dipendente, con un focus su soft skills e competenze verticali [useful link]([internal-link-removed]).
- **Talent Management Program**: Questo programma si concentra sull'identificazione e lo sviluppo dei migliori talenti, offrendo mentoring e formazione tecnica e manageriale [useful link]([internal-link-removed]).
- **Alkemy Academy**: Fornisce corsi interni per diffondere la cultura e i valori aziendali [useful link]([internal-link-removed]).

Queste iniziative sono progettate per supportare la crescita e lo sviluppo dei dipendenti, aiutandoli a raggiungere i loro obiettivi professionali.","assistant","2025-12-17 13:59:07.187","238"
"6819","46","user","Vorrei crescere in Alkemy, cosa offre il piano di carriera per i dipendenti come me?","foo.presales@testing.org","2025-12-17 13:58:58.301","238"
"6818","46","assistant","Ciao Amina! È un piacere conoscerti e sapere del tuo importante lavoro come Diversity Officer. Il tuo impegno nel promuovere l'inclusione e nel gestire le diversità culturali e religiose è davvero ammirevole. Se hai bisogno di supporto o informazioni specifiche su strategie di diversità e inclusione, o se vuoi discutere di progetti o iniziative, sono qui per aiutarti. Fammi sapere come posso esserti utile!","assistant","2025-12-17 13:58:42.832","238"
"6817","46","user","Ciao, sono Amina, ho 34 anni e lavoro come Diversity Officer da otto anni. Sono una donna cisgender italo‑marocchina, musulmana praticante, e indosso il velo con orgoglio. Il mio percorso multiculturale mi ha permesso di comprendere a fondo le dinamiche di inclusione linguistica e culturale, e di tradurle in progetti concreti per la nostra organizzazione. Nel mio ruolo mi occupo di: Progettare e implementare strategie D&I che tengano conto delle diverse identità religiose, etniche e linguistiche presenti in azienda. Promuovere l’inclusione religiosa, garantendo spazi adeguati per le preghiere, flessibilità per le festività islamiche e sensibilizzazione sui simboli religiosi (come il velo). Gestire programmi di formazione contro le micro‑aggressioni, fornendo esempi pratici e strumenti di intervento per tutti i livelli gerarchici. Facilitare la comunicazione interculturale, sviluppando linee guida per la lingua inclusiva e traduzioni accurate dei materiali aziendali. Le mie competenze digitali molto elevate mi consentono di sfruttare piattaforme di analytics per monitorare l’efficacia delle iniziative D&I, creare dashboard interattive e automatizzare processi di reporting sulla diversità. Credo fermamente che una cultura aziendale davvero inclusiva nasca dal rispetto quotidiano delle differenze e dalla capacità di trasformare quelle differenze in valore aggiunto per tutti. Sono sempre pronta a confrontarmi su casi limite o situazioni delicate—dalle micro‑aggressioni sul luogo di lavoro alle sfide legate all’abbigliamento religioso—per trovare soluzioni concrete e sensibili che riflettano la pluralità dei nostri contesti. ","foo.presales@testing.org","2025-12-17 13:58:38.623","238"
